{
  "sweep_id": 19,
  "sweep_name": "kl_mc_warmup_beta_0.0001",
  "seed": 0,
  "router_mode": "mc",
  "elbo_samples": 4,
  "use_control_variate": true,
  "beta_kl": 0.0001,
  "kl_anneal": 5000,
  "tau": 1.2,
  "top_k": 2,
  "capacity": 1.0,
  "weight_decay": 0.001,
  "w_importance": 0.0,
  "w_load": 0.0,
  "use_warmup": true,
  "warmup_epochs": 10,
  "score": -7.128404079677534,
  "acc": 0.5012000203132629,
  "ece": 0.08515074104070663,
  "nll": 2.039924383163452,
  "cv": 0.07320897822519012,
  "gini": 0.039754746835443035,
  "overflow": 0.1359375,
  "nmi_top1": 0.3130258993736186,
  "nmi_topk_soft": 0.29335579289686736,
  "img_s": 698.9209396305887
}