{
  "sweep_id": 14,
  "sweep_name": "kl_exp_warmup_beta_1e-06",
  "seed": 0,
  "router_mode": "expected",
  "elbo_samples": 2,
  "use_control_variate": true,
  "beta_kl": 1e-06,
  "kl_anneal": 5000,
  "tau": 1.2,
  "top_k": 2,
  "capacity": 1.0,
  "weight_decay": 0.001,
  "w_importance": 0.0,
  "w_load": 0.0,
  "use_warmup": true,
  "warmup_epochs": 10,
  "score": -8.009420759611901,
  "acc": 0.5099999904632568,
  "ece": 0.1263674795627594,
  "nll": 2.0617449283599854,
  "cv": 0.06837524456250124,
  "gini": 0.03845173351461591,
  "overflow": 0.1380859375,
  "nmi_top1": 0.2728953819933681,
  "nmi_topk_soft": 0.24194296066881824,
  "img_s": 946.9945105830989
}