{
  "sweep_id": 13,
  "sweep_name": "warmup_expected",
  "seed": 0,
  "router_mode": "expected",
  "elbo_samples": 2,
  "use_control_variate": true,
  "beta_kl": 1e-06,
  "kl_anneal": 5000,
  "tau": 1.2,
  "top_k": 2,
  "capacity": 1.0,
  "weight_decay": 0.02,
  "w_importance": 0.0,
  "w_load": 0.0,
  "use_warmup": true,
  "warmup_epochs": 10,
  "score": -7.114115770001116,
  "acc": 0.5157999992370605,
  "ece": 0.25831839442253113,
  "nll": 2.724970817565918,
  "cv": 0.04143246858799324,
  "gini": 0.02238785852922148,
  "overflow": 0.0943359375,
  "nmi_top1": 0.26803566990479843,
  "nmi_topk_soft": 0.23612753362285507,
  "img_s": 2727.97861324735
}